Wall time,Step,Value
1573533668.3786972,6,-1.0
1573533670.0277123,19,-1.0
1573533671.267365,25,-1.0
1573533674.2366443,41,-1.0
1573533674.4625845,43,-1.0
1573533674.7053351,46,-1.0
1573533675.4814296,48,-1.0
1573533675.9104552,54,-1.0
1573533676.1242142,57,-1.0
1573533678.78684,72,-1.0
1573533679.0489676,75,-1.0
1573533682.5179932,95,-1.0
1573533683.7609859,103,-1.0
1573533684.1524465,106,-1.0
1573533684.1912735,107,-1.0
1573533685.4025886,114,-1.0
1573533688.2055209,127,-1.0
1573533689.87084,140,-1.0
1573533691.5478132,151,-1.0
1573533691.8952694,156,-1.0
1573533692.0284,159,-1.0
1573533693.2479744,168,-1.0
1573533693.3222258,169,-1.0
1573533695.091209,179,-1.0
1573533696.1264358,184,-1.0
1573533696.3577173,186,-1.0
1573533696.4759405,187,-1.0
1573533696.6639123,191,-1.0
1573533697.9708314,199,-1.0
1573533699.3334944,207,-1.0
1573533699.3748577,208,-1.0
1573533699.8292265,213,-1.0
1573533701.4082842,224,-1.0
1573533702.4489524,230,-1.0
1573533702.8995163,235,-1.0
1573533703.1341615,238,-1.0
1573533705.7609804,250,-1.0
1573533706.316551,256,-1.0
1573533707.3300657,261,-1.0
1573533707.8288546,268,-1.0
1573533709.3504999,272,-1.0
1573533709.5354853,274,-1.0
1573533715.7275813,293,-1.0
1573533716.2914326,298,-1.0
1573533716.397439,299,-1.0
1573533719.3768058,304,-1.0
1573533721.0302796,309,-1.0
1573533721.6055267,311,-1.0
1573533725.0128462,319,-1.0
1573533725.1117976,320,-1.0
1573533731.1344678,331,-1.0
1573533737.295806,340,-1.0
1573533741.4935193,348,1.0
1573533751.8461149,364,1.0
1573533755.2696888,368,-1.0
1573533762.0321505,378,-1.0
1573533764.5769615,380,-1.0
1573533796.6742442,422,1.0
1573533798.2981222,423,-1.0
1573533806.4822943,431,-1.0
1573533814.448104,440,0.0
1573533814.8863308,442,1.0
1573533816.3714118,443,-1.0
1573533819.9548295,446,-1.0
1573533822.493073,452,1.0
1573533831.9472783,461,-1.0
1573533834.6305661,464,-1.0
1573533834.8657084,465,-1.0
1573533844.914517,475,-1.0
1573533857.245655,492,-1.0
1573533857.8837395,494,-1.0
1573533877.2415493,508,-1.0
1573533882.684434,513,-1.0
1573533884.1700916,515,-1.0
1573533884.973489,518,-1.0
1573533891.9191692,526,-1.0
1573533895.0001867,532,1.0
1573533896.48097,534,1.0
1573533899.3171115,537,-1.0
1573533904.2635536,543,-1.0
1573533908.5306828,548,-1.0
1573533914.6762679,558,-1.0
1573533919.1034863,564,-1.0
1573533923.574793,570,-1.0
1573533925.4628181,574,-1.0
1573533927.416998,580,-1.0
1573533928.5635202,582,-1.0
1573533932.4017692,585,-1.0
1573533933.788362,587,1.0
1573533933.9881227,588,0.0
1573533936.2018497,593,-1.0
1573533936.2643783,594,-1.0
1573533944.466539,603,-1.0
1573533948.8409407,611,-1.0
1573533951.052283,616,-1.0
1573533954.6355717,621,-1.0
1573533955.3925102,623,-1.0
1573533963.1586323,635,-1.0
1573533968.636222,642,-1.0
1573533970.2290194,643,-1.0
1573533970.792115,645,-1.0
1573533972.4360383,647,-1.0
1573533973.601997,648,-1.0
1573533974.424464,650,-1.0
1573533981.720297,662,-1.0
1573533983.3543646,665,-1.0
1573533985.5070984,669,-1.0
1573533985.929986,672,-1.0
1573533987.1404264,675,-1.0
1573533989.2303073,679,-1.0
1573533989.524854,680,-1.0
1573533992.2892053,684,-1.0
1573533994.0092876,689,-1.0
1573533998.0115821,700,-1.0
1573534001.0788374,707,-1.0
1573534006.9429111,715,-1.0
1573534008.7730925,719,-1.0
1573534010.2827423,722,-1.0
1573534010.3513286,723,-1.0
1573534010.834888,724,0.0
1573534015.4032993,731,-1.0
1573534017.7159514,737,1.0
1573534019.0058265,739,-1.0
1573534019.2767043,740,-1.0
1573534021.451166,744,-1.0
1573534023.2895255,748,-1.0
1573534026.4854126,752,-1.0
1573534026.8415322,753,-1.0
1573534029.121848,757,-1.0
1573534033.018169,766,-1.0
1573534034.5059896,770,1.0
1573534034.9240327,771,0.0
1573534036.3324642,772,-1.0
1573534038.594053,774,-1.0
1573534038.916329,775,-1.0
1573534042.9549599,781,-1.0
1573534046.3557296,785,-1.0
1573534046.7005866,786,-1.0
1573534048.0759428,788,-1.0
1573534049.2861712,790,-1.0
1573534049.9766238,793,-1.0
1573534051.357353,794,-1.0
1573534052.0129309,795,-1.0
1573534055.746282,799,-1.0
1573534059.8768528,803,-1.0
1573534064.2260604,808,-1.0
1573534064.8752666,809,-1.0
1573534065.9345133,810,0.0
1573534080.2006836,833,-1.0
1573534082.4513493,837,0.0
1573534083.7716634,839,1.0
1573534086.5129783,844,-1.0
1573534103.8255155,868,-1.0
1573534105.4888852,870,0.0
1573534108.2876008,875,-1.0
1573534109.6382127,877,-1.0
1573534111.626307,881,-1.0
1573534112.5378165,883,-1.0
1573534117.9433455,891,-1.0
1573534120.3085432,897,-1.0
1573534122.8002357,901,-1.0
1573534127.1166568,908,-1.0
1573534129.240991,910,-1.0
1573534131.8483036,916,-1.0
1573534133.2754245,918,1.0
1573534135.1341665,921,-1.0
1573534136.5199358,924,-1.0
1573534140.2393212,932,-1.0
1573534140.7224765,933,0.0
1573534141.9937367,936,-1.0
1573534143.7259,943,-1.0
1573534145.6520455,946,-1.0
1573534147.9977276,955,-1.0
1573534151.0605817,959,-1.0
1573534151.5021698,962,-1.0
1573534152.7226124,963,-1.0
1573534157.0017178,972,-1.0
1573534157.3196075,973,-1.0
1573534158.695343,977,-1.0
1573534160.346378,979,-1.0
1573534160.4447913,980,-1.0
1573534162.2753124,984,-1.0
1573534163.4936643,985,-1.0
1573534164.1371212,988,-1.0
1573534164.253134,989,-1.0
1573534168.8980496,997,-1.0
1573534169.6741195,1001,-1.0
1573534171.4550312,1003,-1.0
1573534173.45931,1005,-1.0
1573534173.635269,1006,-1.0
1573534177.4209602,1015,-1.0
1573534179.8829591,1018,0.0
1573534185.8266237,1026,-1.0
1573534186.7001011,1028,-1.0
1573534190.5268433,1033,0.0
1573534193.2534497,1038,-1.0
1573534197.9954507,1045,-1.0
1573534202.3882868,1058,-1.0
1573534204.990064,1064,-1.0
1573534205.8358476,1067,-1.0
1573534207.000883,1069,-1.0
1573534209.0851824,1073,-1.0
1573534211.0045428,1077,-1.0
1573534212.573372,1079,-1.0
1573534217.0696793,1084,-1.0
1573534217.3236349,1085,-1.0
1573534223.1153061,1094,1.0
1573534227.0386398,1100,-1.0
1573534229.1505952,1104,-1.0
1573534230.99842,1105,-1.0
1573534237.6830926,1115,-1.0
1573534241.525518,1120,-1.0
1573534249.2968104,1134,1.0
1573534250.128017,1136,-1.0
1573534260.836892,1156,-1.0
1573534260.9240644,1157,1.0
1573534263.3842146,1161,-1.0
1573534264.174382,1162,-1.0
1573534264.2125192,1163,1.0
1573534275.189459,1181,-1.0
1573534277.2331235,1186,-1.0
1573534282.4745715,1193,-1.0
1573534282.7135015,1194,-1.0
1573534285.8131938,1200,-1.0
1573534286.3296337,1202,-1.0
1573534289.9539218,1207,-1.0
1573534291.3999994,1209,-1.0
1573534307.9117298,1233,-1.0
1573534308.464693,1235,-1.0
1573534309.709304,1237,-1.0
1573534316.1005442,1245,-1.0
1573534316.5458806,1248,-1.0
1573534319.9450498,1256,-1.0
1573534322.2697093,1259,-1.0
1573534324.188877,1262,-1.0
1573534333.2930732,1275,-1.0
1573534337.6128888,1282,-1.0
1573534342.0461419,1288,-1.0
1573534345.4006324,1294,1.0
1573534345.5918045,1295,-1.0
1573534347.7830331,1301,-1.0
1573534352.472012,1311,-1.0
1573534356.949722,1316,-1.0
1573534357.2900326,1317,-1.0
1573534359.6144857,1320,-1.0
1573534363.272145,1326,-1.0
1573534364.8472047,1328,-1.0
1573534366.974027,1331,-1.0
1573534368.6347132,1334,1.0
1573534370.4185076,1337,-1.0
1573534370.719293,1338,-1.0
1573534384.2753565,1356,1.0
1573534392.4410105,1371,-1.0
1573534400.092061,1386,-1.0
1573534401.3014927,1389,-1.0
1573534401.520851,1390,-1.0
1573534401.8278325,1392,-1.0
1573534401.912674,1393,-1.0
1573534414.6163745,1414,-1.0
1573534414.730139,1415,-1.0
1573534417.107806,1420,-1.0
1573534419.0974014,1423,-1.0
1573534420.7472143,1427,-1.0
1573534422.4269938,1429,-1.0
1573534424.0132232,1433,-1.0
1573534425.9561846,1437,-1.0
1573534429.4149072,1441,-1.0
1573534447.5754187,1466,-1.0
1573534447.891311,1467,-1.0
1573534454.936383,1478,-1.0
1573534459.1089656,1486,-1.0
1573534459.3226364,1487,-1.0
1573534461.391212,1490,-1.0
1573534461.541953,1492,1.0
1573534463.7938063,1493,-1.0
1573534469.9588528,1502,-1.0
1573534473.3775575,1509,1.0
1573534480.6469223,1524,-1.0
1573534480.9215865,1525,-1.0
1573534482.5317004,1528,-1.0
1573534494.3349996,1547,-1.0
1573534498.1256394,1552,-1.0
1573534498.3088176,1553,1.0
1573534498.7374172,1555,-1.0
1573534505.2341511,1562,-1.0
1573534509.4493062,1569,-1.0
1573534509.6804066,1570,-1.0
1573534514.580456,1579,1.0
1573534516.020093,1583,-1.0
1573534517.6450317,1585,-1.0
1573534519.746108,1589,-1.0
1573534525.02955,1598,-1.0
1573534528.8007083,1605,-1.0
1573534529.2254517,1606,-1.0
1573534533.9365864,1611,1.0
1573534540.3970237,1619,-1.0
1573534545.096061,1628,1.0
1573534545.3163996,1629,-1.0
1573534548.2402258,1633,-1.0
1573534550.390174,1638,0.0
1573534552.4463816,1641,-1.0
1573534554.074027,1643,1.0
1573534556.1382701,1646,-1.0
1573534556.7324226,1649,-1.0
1573534559.9998877,1653,-1.0
1573534563.7945738,1661,-1.0
1573534568.3374815,1669,-1.0
1573534570.5003324,1673,-1.0
1573534572.3082862,1676,-1.0
1573534572.5789018,1677,-1.0
1573534577.020792,1683,0.0
1573534583.8317957,1692,-1.0
1573534585.909763,1696,1.0
1573534586.064408,1697,-1.0
1573534587.2915182,1698,1.0
1573534588.0105994,1700,-1.0
1573534589.1760454,1703,-1.0
1573534594.1473274,1710,0.0
1573534599.2282207,1719,-1.0
1573534599.4777832,1720,-1.0
1573534605.2976813,1729,-1.0
1573534607.5829556,1733,-1.0
1573534609.410452,1735,-1.0
1573534611.4317575,1738,-1.0
1573534613.9760597,1743,-1.0
1573534615.3153877,1744,-1.0
1573534617.520905,1746,-1.0
1573534617.8476412,1747,-1.0
1573534618.1524477,1748,-1.0
1573534621.9017155,1753,-1.0
1573534633.369048,1767,-1.0
1573534635.9904103,1776,-1.0
1573534642.4969153,1782,-1.0
1573534646.2423847,1789,-1.0
1573534649.0020518,1790,-1.0
1573534653.7464051,1799,-1.0
1573534655.7894602,1806,1.0
1573534660.8266923,1818,-1.0
1573534663.4850483,1825,-1.0
1573534664.8783062,1827,-1.0
1573534667.0021625,1831,-1.0
1573534671.598021,1841,-1.0
1573534671.6822367,1842,-1.0
1573534671.9242306,1845,-1.0
1573534673.966661,1850,-1.0
1573534676.9465609,1854,-1.0
1573534683.6495614,1867,-1.0
1573534685.6591861,1870,-1.0
1573534688.6029942,1876,-1.0
1573534688.6478324,1877,-1.0
1573534690.125428,1878,-1.0
1573534698.0619743,1894,-1.0
1573534704.6824281,1912,-1.0
1573534706.537359,1918,-1.0
1573534710.6130009,1925,-1.0
1573534715.2899714,1931,-1.0
1573534715.9939125,1935,-1.0
1573534717.376092,1937,-1.0
1573534717.9174757,1939,-1.0
1573534721.4294066,1945,-1.0
1573534721.9042635,1948,-1.0
1573534723.8487284,1950,-1.0
1573534725.8235428,1953,-1.0
1573534728.0028956,1956,-1.0
1573534729.9205952,1959,-1.0
1573534734.08835,1968,-1.0
1573534734.7976155,1970,-1.0
1573534744.8195164,1982,1.0
1573534744.8937373,1983,-1.0
1573534746.574569,1984,-1.0
1573534757.4782956,1998,-1.0
1573534760.0355847,2002,-1.0
1573534763.6274192,2006,-1.0
1573534764.1942484,2010,-1.0
1573534764.3901064,2011,-1.0
1573534766.3770585,2014,-1.0
1573534768.3179245,2016,-1.0
1573534769.0447946,2018,-1.0
1573534776.2985926,2026,-1.0
1573534776.826958,2028,-1.0
1573534779.7727153,2031,-1.0
1573534780.3851159,2034,1.0
1573534782.7655416,2037,-1.0
1573534784.2103386,2039,-1.0
1573534787.035147,2042,-1.0
1573534803.1081314,2061,-1.0
1573534809.086826,2073,-1.0
1573534810.3987005,2074,-1.0
1573534810.638975,2075,-1.0
1573534812.3483744,2077,-1.0
1573534812.5134041,2078,-1.0
1573534814.3503473,2080,-1.0
1573534816.676796,2082,1.0
1573534819.004386,2086,-1.0
1573534823.9551558,2090,-1.0
1573534826.636366,2095,-1.0
1573534827.0203514,2097,-1.0
1573534835.2259989,2104,-1.0
1573534839.4161606,2107,-1.0
1573534841.9508557,2112,-1.0
1573534846.6042035,2116,-1.0
1573534851.2000327,2121,-1.0
1573534853.57044,2123,1.0
1573534853.6491568,2124,-1.0
1573534861.132205,2135,-1.0
1573534863.6153455,2139,-1.0
1573534865.7860017,2142,-1.0
1573534867.9852314,2145,-1.0
1573534870.2317355,2146,-1.0
1573534872.8554237,2149,-1.0
1573534873.164695,2150,1.0
1573534874.8610787,2152,-1.0
1573534880.0992548,2157,-1.0
1573534880.1810036,2158,1.0
1573534884.4048998,2165,-1.0
1573534884.6617157,2166,1.0
1573534887.4728851,2170,-1.0
1573534889.3135746,2172,-1.0
1573534889.9435806,2174,-1.0
1573534892.4060898,2178,-1.0
1573534901.7189581,2188,-1.0
1573534902.5110984,2190,-1.0
1573534904.7221563,2192,-1.0
1573534905.2302613,2193,1.0
1573534909.8563402,2197,-1.0
1573534910.7321174,2200,-1.0
1573534920.8692167,2208,1.0
1573534924.06311,2212,-1.0
1573534932.4895751,2226,-1.0
1573534935.0881534,2230,-1.0
1573534937.851447,2232,-1.0
1573534940.984619,2237,-1.0
1573534943.16967,2238,-1.0
1573534943.6909606,2240,-1.0
1573534943.9036021,2242,-1.0
1573534945.4724064,2243,-1.0
1573534946.0255995,2245,-1.0
1573534948.5254028,2247,-1.0
1573534949.0516226,2248,-1.0
1573534955.5205867,2255,-1.0
1573534956.3461473,2258,-1.0
1573534960.8578136,2263,-1.0
1573534976.8466516,2282,-1.0
1573534983.8203776,2292,-1.0
1573534988.21506,2298,-1.0
1573534990.5042043,2301,-1.0
1573534993.3757243,2304,-1.0
1573534996.0004022,2307,-1.0
1573534998.3193448,2308,-1.0
1573534998.8696125,2309,-1.0
1573535007.2279923,2319,-1.0
1573535007.5188358,2320,-1.0
1573535007.7643275,2321,-1.0
1573535009.7793388,2323,-1.0
1573535018.4544735,2335,-1.0
1573535018.605169,2336,-1.0
1573535020.914349,2338,-1.0
1573535024.0401943,2346,-1.0
1573535029.9160092,2355,-1.0
1573535040.9081557,2372,-1.0
1573535049.5956223,2386,1.0
1573535052.913398,2390,-1.0
1573535055.413412,2391,-1.0
1573535055.9863918,2393,1.0
1573535064.290846,2401,-1.0
1573535066.8398395,2403,0.0
1573535069.8445258,2407,-1.0
1573535078.225189,2417,-1.0
1573535085.2746727,2425,-1.0
1573535085.4800413,2426,1.0
1573535098.73707,2437,-1.0
1573535107.998883,2445,-1.0
1573535113.6434412,2451,-1.0
1573535113.7177722,2452,-1.0
1573535114.1629,2454,-1.0
1573535116.984135,2456,-1.0
1573535121.785674,2461,1.0
1573535145.2713506,2480,-1.0
1573535152.4227116,2486,0.0
1573535156.4073243,2487,-1.0
1573535163.1981325,2497,-1.0
1573535166.395789,2499,-1.0
1573535172.1664577,2503,-1.0
1573535176.822045,2504,-1.0
1573535188.2355967,2515,-1.0
1573535191.1146154,2518,1.0
1573535196.6213882,2524,-1.0
1573535201.0024464,2529,-1.0
1573535204.321957,2531,-1.0
1573535207.706001,2533,-1.0
1573535210.2351465,2535,-1.0
1573535220.2554874,2544,-1.0
1573535226.5628607,2548,-1.0
1573535229.7886345,2552,-1.0
1573535230.2706106,2554,-1.0
1573535233.459914,2557,-1.0
1573535243.0878813,2566,-1.0
1573535243.2918088,2567,-1.0
1573535253.6047966,2577,-1.0
1573535258.0438662,2579,-1.0
1573535270.1329334,2591,-1.0
1573535272.988212,2592,-1.0
1573535273.5328617,2593,-1.0
1573535277.5534256,2597,1.0
1573535280.6911123,2601,-1.0
1573535286.507623,2607,-1.0
1573535286.8109396,2608,1.0
1573535290.2948015,2611,-1.0
1573535307.733089,2624,-1.0
1573535310.5339618,2627,-1.0
1573535314.4254425,2630,-1.0
1573535314.6548867,2631,-1.0
1573535324.7236316,2639,-1.0
1573535332.5104535,2645,-1.0
1573535339.7284245,2651,-1.0
1573535346.2788024,2656,-1.0
1573535364.7062578,2675,-1.0
1573535368.7858136,2679,-1.0
1573535371.8242247,2681,-1.0
1573535378.4808338,2686,-1.0
1573535388.0571632,2691,-1.0
1573535407.033037,2704,-1.0
1573535413.6696281,2708,-1.0
1573535416.8191159,2711,-1.0
1573535439.4144723,2726,-1.0
1573535454.0226974,2737,-1.0
1573535454.108385,2738,-1.0
1573535457.826055,2741,-1.0
1573535462.7011123,2747,-1.0
1573535474.0315049,2754,-1.0
1573535474.8380141,2755,-1.0
1573535478.6339269,2756,-1.0
1573535479.25247,2757,-1.0
1573535481.8759866,2758,-1.0
1573535489.5344477,2767,-1.0
1573535519.7853014,2790,-1.0
1573535520.154857,2791,-1.0
1573535520.2282753,2792,-1.0
1573535531.6573122,2799,-1.0
1573535546.53538,2810,-1.0
1573535549.2506647,2812,-1.0
1573535561.0827312,2824,-1.0
1573535563.4401784,2825,-1.0
1573535567.084437,2828,-1.0
1573535567.4193037,2830,-1.0
1573535570.6993961,2831,-1.0
1573535571.4501905,2833,-1.0
1573535589.5801692,2852,-1.0
1573535596.9822092,2857,0.0
1573535600.2019339,2860,-1.0
1573535603.810834,2863,-1.0
1573535614.6479297,2872,-1.0
1573535614.7870085,2873,-1.0
1573535622.775145,2879,-1.0
1573535627.160387,2881,-1.0
1573535627.4949746,2882,-1.0
1573535634.020125,2888,-1.0
1573535637.2983372,2891,-1.0
1573535644.5474868,2897,-1.0
1573535647.7996562,2899,-1.0
1573535651.4399014,2901,-1.0
1573535656.8835368,2904,-1.0
1573535676.4957933,2918,-1.0
1573535677.2387736,2920,1.0
1573535683.577955,2921,-1.0
1573535683.947691,2922,-1.0
1573535697.3173301,2933,-1.0
1573535713.5529642,2943,-1.0
1573535724.1071107,2951,-1.0
1573535744.918327,2968,-1.0
1573535748.896095,2975,-1.0
1573535751.8326805,2976,1.0
1573535756.192982,2979,-1.0
1573535766.7115486,2989,-1.0
1573535773.7017264,2995,1.0
1573535777.5465274,2999,-1.0
1573535782.850366,3004,1.0
1573535786.301632,3006,-1.0
1573535790.395898,3008,1.0
1573535794.372624,3010,-1.0
1573535797.7061727,3012,-1.0
1573535801.775517,3016,-1.0
1573535802.2678525,3017,-1.0
1573535809.079269,3020,1.0
1573535813.5116878,3026,1.0
1573535816.7722497,3028,-1.0
1573535820.8010428,3031,1.0
1573535834.015628,3039,-1.0
1573535837.227966,3041,-1.0
1573535837.7048044,3042,1.0
1573535842.0056114,3043,-1.0
1573535846.1833844,3051,-1.0
1573535865.4843066,3066,-1.0
1573535866.2707076,3068,1.0
1573535870.0675077,3070,-1.0
1573535873.4030228,3072,-1.0
1573535877.2037222,3074,-1.0
1573535888.933939,3083,1.0
1573535893.0197222,3087,-1.0
1573535910.2870455,3100,-1.0
1573535914.744035,3104,-1.0
1573535942.6052573,3123,-1.0
1573535955.832923,3138,1.0
1573535956.555014,3139,0.0
1573535966.8203778,3145,-1.0
1573535967.3355644,3146,-1.0
1573535971.0116081,3148,-1.0
1573535980.6456406,3151,-1.0
1573535987.441772,3156,1.0
1573535988.238437,3160,-1.0
1573535991.6678472,3162,0.0
1573536014.234787,3178,-1.0
1573536019.336908,3185,-1.0
1573536025.7924216,3189,-1.0
1573536033.3418393,3196,-1.0
1573536033.6807032,3197,-1.0
1573536040.5369017,3204,1.0
1573536041.3040576,3207,-1.0
1573536074.665983,3231,-1.0
1573536078.3081443,3234,-1.0
1573536086.9619212,3241,-1.0
1573536091.3591044,3244,-1.0
1573536091.5291393,3245,-1.0
1573536094.4547873,3247,-1.0
1573536094.7164445,3248,-1.0
1573536107.715604,3255,-1.0
1573536121.9925756,3268,-1.0
1573536129.4888613,3273,-1.0
1573536138.3783584,3282,1.0
1573536141.2784405,3284,-1.0
1573536141.9518986,3286,-1.0
1573536149.592214,3293,-1.0
1573536166.6236641,3306,-1.0
1573536167.130443,3308,-1.0
1573536174.2792432,3314,-1.0
1573536182.3166866,3322,-1.0
1573536192.4187639,3328,-1.0
1573536192.8923538,3329,-1.0
1573536193.2070749,3330,-1.0
1573536197.5184052,3334,1.0
1573536207.0229433,3339,-1.0
1573536211.3179884,3346,-1.0
1573536221.2852492,3354,-1.0
1573536224.7969062,3358,-1.0
1573536230.0605714,3362,1.0
1573536233.9269733,3364,-1.0
1573536240.7447157,3370,-1.0
1573536249.1320143,3375,-1.0
1573536249.7041843,3377,-1.0
1573536253.6645668,3379,-1.0
1573536257.2469423,3382,-1.0
1573536263.838607,3387,-1.0
1573536273.3890874,3399,-1.0
1573536284.637,3404,-1.0
1573536292.1842756,3409,-1.0
1573536313.8597326,3427,-1.0
1573536319.115055,3431,-1.0
1573536323.1868963,3434,-1.0
1573536330.706966,3439,-1.0
1573536338.7421167,3446,-1.0
1573536343.3718228,3450,-1.0
1573536343.8239343,3452,-1.0
1573536357.481077,3458,-1.0
1573536357.8356223,3459,-1.0
1573536362.1056533,3465,-1.0
1573536370.528744,3472,-1.0
1573536377.9925437,3478,-1.0
1573536382.1490889,3481,-1.0
1573536386.8428674,3487,-1.0
1573536397.2477906,3498,-1.0
1573536397.978974,3500,-1.0
1573536411.686303,3510,1.0
1573536415.2203846,3513,-1.0
1573536415.725951,3515,-1.0
1573536422.5741704,3520,-1.0
1573536445.5312362,3536,-1.0
1573536450.0437706,3538,0.0
1573536457.5589023,3543,-1.0
1573536457.7079325,3544,-1.0
1573536462.0728343,3548,-1.0
1573536462.772537,3550,-1.0
1573536469.8805232,3556,-1.0
1573536470.449712,3557,-1.0
1573536477.991378,3564,1.0
1573536485.9082701,3576,-1.0
1573536489.9104464,3581,-1.0
1573536506.434869,3593,-1.0
1573536507.0221562,3594,-1.0
1573536518.456802,3600,-1.0
1573536518.551844,3601,-1.0
1573536531.083509,3615,-1.0
1573536534.8683195,3619,1.0
1573536535.0870392,3621,-1.0
1573536539.8133311,3623,-1.0
1573536544.212702,3626,-1.0
1573536544.7731087,3629,-1.0
1573536557.0801253,3638,-1.0
1573536565.013078,3644,-1.0
1573536569.2489498,3646,-1.0
1573536580.4577913,3657,-1.0
1573536580.562349,3658,-1.0
1573536588.9190419,3664,1.0
1573536598.389449,3671,-1.0
1573536627.327511,3695,-1.0
1573536635.5279338,3701,-1.0
1573536638.9347832,3703,-1.0
1573536658.9789975,3724,-1.0
1573536668.1858084,3727,-1.0
1573536672.7710478,3731,-1.0
1573536676.3008413,3732,-1.0
1573536676.8834198,3733,-1.0
1573536685.189056,3739,-1.0
1573536688.837267,3742,-1.0
1573536689.3070667,3744,-1.0
1573536700.2967145,3753,-1.0
1573536712.2165403,3760,-1.0
1573536716.9321806,3765,0.0
1573536726.2022839,3773,-1.0
1573536730.7134318,3777,-1.0
1573536734.491607,3781,-1.0
1573536754.9636626,3794,-1.0
1573536758.4534414,3796,-1.0
1573536762.4437037,3799,1.0
1573536781.3234224,3811,-1.0
1573536787.277912,3815,-1.0
1573536791.073131,3820,-1.0
1573536794.6395175,3822,-1.0
1573536810.3935463,3832,-1.0
1573536814.9101195,3834,-1.0
1573536815.7027686,3836,-1.0
1573536831.9300075,3849,-1.0
1573536861.2170787,3865,1.0
1573536869.1132135,3870,-1.0
1573536878.93,3877,-1.0
1573536915.9801855,3902,-1.0
1573536920.7338545,3903,-1.0
1573536921.2823179,3904,-1.0
1573536930.3508518,3909,-1.0
1573536931.0295236,3911,-1.0
1573536942.4886713,3921,-1.0
1573536950.4708686,3929,-1.0
1573536955.2098022,3935,-1.0
1573536955.253612,3936,-1.0
1573536960.2427647,3940,-1.0
1573536974.0897672,3951,-1.0
1573536979.760138,3957,-1.0
1573536997.411886,3963,-1.0
1573537001.6644447,3966,1.0
1573537022.2620447,3981,-1.0
1573537030.8403523,3985,-1.0
1573537039.478163,3992,-1.0
1573537044.0198572,3996,-1.0
1573537052.6746821,4001,-1.0
1573537060.7115436,4006,-1.0
1573537065.293644,4010,-1.0
1573537065.748789,4011,-1.0
1573537084.0381684,4022,-1.0
1573537087.2747686,4023,-1.0
1573537099.1883404,4034,-1.0
1573537099.5898712,4036,-1.0
1573537099.7386577,4037,-1.0
1573537108.3198707,4044,-1.0
1573537112.7717211,4046,-1.0
1573537113.4597151,4047,-1.0
1573537113.5104618,4048,-1.0
1573537116.9458878,4049,-1.0
1573537125.1732953,4055,-1.0
1573537161.5574205,4077,-1.0
1573537168.9240446,4080,-1.0
1573537196.8489485,4094,-1.0
1573537205.311312,4099,-1.0
1573537205.6072927,4100,-1.0
1573537206.1155412,4102,-1.0
1573537218.4323106,4110,1.0
1573537235.0478,4122,0.0
1573537300.7514946,4168,-1.0
1573537309.8219178,4173,-1.0
1573537322.7544599,4182,-1.0
1573537325.7317867,4183,-1.0
1573537343.4269707,4194,-1.0
1573537344.0828826,4195,1.0
1573537348.1546292,4197,-1.0
1573537351.9626873,4199,1.0
1573537357.0431283,4202,-1.0
1573537357.3291945,4203,-1.0
1573537361.761281,4205,-1.0
1573537403.8929603,4228,-1.0
1573537409.0380192,4233,-1.0
1573537413.0696423,4236,-1.0
1573537418.0382352,4239,-1.0
1573537427.6379864,4244,-1.0
1573537447.7905855,4255,-1.0
1573537459.9133918,4264,-1.0
1573537468.433324,4267,-1.0
1573537469.1363294,4268,-1.0
1573537485.129427,4277,-1.0
1573537497.4674652,4283,0.0
1573537524.4819205,4299,-1.0
1573537538.4706352,4305,1.0
1573537547.9838119,4309,-1.0
1573537551.9481668,4312,-1.0
1573537564.3179026,4318,-1.0
1573537569.8299356,4320,-1.0
1573537587.9022,4329,-1.0
1573537593.5832071,4333,1.0
1573537607.8504622,4339,-1.0
1573537619.7529943,4344,-1.0
1573537626.5703442,4350,1.0
1573537649.3015728,4359,-1.0
1573537662.2047093,4366,-1.0
1573537670.3414195,4370,-1.0
1573537687.4801338,4379,-1.0
1573537722.2962523,4394,1.0
1573537738.372415,4401,1.0
1573537747.752813,4404,-1.0
1573537748.4598722,4406,-1.0
1573537748.6775556,4407,-1.0
1573537757.4777577,4411,0.0
1573537757.7097592,4412,1.0
1573537758.0716164,4413,1.0
1573537776.0095136,4425,-1.0
1573537788.8029368,4431,-1.0
1573537789.2339973,4432,-1.0
1573537793.1730719,4434,-1.0
1573537801.583938,4440,-1.0
1573537802.5063171,4443,1.0
1573537812.2908561,4449,-1.0
1573537820.3117213,4453,-1.0
1573537834.977609,4460,-1.0
1573537859.3734217,4470,-1.0
1573537867.8247378,4476,-1.0
1573537876.8188741,4480,-1.0
1573537880.5946581,4483,-1.0
1573537892.9020917,4491,-1.0
1573537897.194188,4493,-1.0
1573537915.7383368,4506,-1.0
1573537924.3302705,4510,1.0
1573537925.0353026,4511,-1.0
1573537960.1292477,4530,-1.0
1573537960.5941718,4531,-1.0
1573537968.3375692,4534,-1.0
1573537980.988324,4541,-1.0
1573537985.7045965,4543,-1.0
1573538003.88416,4551,-1.0
1573538008.81502,4553,-1.0
1573538009.2061684,4554,-1.0
1573538035.8863592,4567,-1.0
1573538040.1281412,4569,-1.0
1573538040.2202203,4570,1.0
1573538053.0087733,4579,1.0
1573538058.6402175,4582,-1.0
1573538081.9233325,4593,-1.0
1573538087.0674145,4596,-1.0
1573538087.9658024,4598,-1.0
1573538093.3002148,4600,-1.0
1573538117.6368773,4612,-1.0
1573538146.762483,4629,-1.0
1573538156.8661225,4634,-1.0
1573538175.4832325,4644,-1.0
1573538186.7531512,4650,-1.0
1573538199.6393063,4657,1.0
1573538208.977527,4663,-1.0
1573538209.5749652,4665,-1.0
1573538220.1969438,4669,-1.0
1573538233.074486,4676,-1.0
1573538233.8386416,4677,-1.0
1573538239.592518,4678,-1.0
1573538260.3034434,4688,-1.0
1573538297.4963257,4709,-1.0
1573538308.9701493,4714,-1.0
1573538320.1502397,4719,-1.0
1573538331.736971,4725,-1.0
1573538347.9352207,4735,-1.0
1573538357.132941,4740,-1.0
1573538370.0161872,4746,-1.0
1573538378.3094187,4750,1.0
1573538378.762069,4751,1.0
1573538391.1365,4759,-1.0
1573538399.372051,4762,-1.0
1573538399.8140306,4763,-1.0
1573538400.1948476,4765,-1.0
1573538405.1829627,4768,1.0
1573538409.347954,4769,-1.0
1573538413.469295,4770,-1.0
1573538421.7045956,4775,-1.0
1573538427.0740898,4777,-1.0
1573538433.408344,4780,-1.0
1573538433.8480203,4781,1.0
1573538439.8001428,4782,-1.0
1573538440.366865,4783,-1.0
1573538444.4803607,4785,-1.0
1573538451.5448272,4788,-1.0
1573538451.7465699,4789,1.0
1573538463.8961194,4795,-1.0
1573538479.0961707,4801,-1.0
1573538485.5227137,4803,-1.0
1573538493.818931,4806,0.0
1573538514.7416666,4818,-1.0
1573538526.3468308,4826,-1.0
1573538526.6885862,4827,-1.0
1573538529.8541825,4828,-1.0
1573538535.1196313,4834,-1.0
1573538549.8001232,4841,-1.0
1573538558.7679036,4846,-1.0
1573538573.1415744,4853,-1.0
1573538595.5338476,4866,-1.0
1573538608.5557406,4872,-1.0
1573538612.3553214,4874,-1.0
1573538616.8471718,4877,-1.0
1573538631.476715,4884,1.0
1573538637.2632291,4890,-1.0
1573538643.3119967,4893,1.0
1573538647.666284,4895,-1.0
1573538647.999757,4896,-1.0
1573538666.3783028,4905,-1.0
1573538686.9073563,4915,-1.0
1573538687.4029849,4916,-1.0
1573538701.4913843,4924,-1.0
1573538725.9259658,4936,-1.0
1573538729.9160075,4939,-1.0
1573538737.970987,4942,-1.0
1573538755.0083456,4955,-1.0
1573538770.3364596,4963,-1.0
1573538786.3657753,4971,-1.0
1573538786.423542,4972,-1.0
1573538790.6285174,4975,-1.0
1573538796.9298944,4977,-1.0
1573538797.4067314,4978,0.0
1573538825.0457544,4992,-1.0
1573538834.774836,4998,-1.0
1573538840.9977767,5000,-1.0
1573538871.2657516,5015,-1.0
1573538881.851275,5022,0.0
1573538890.5192587,5028,1.0
1573538898.293792,5031,-1.0
1573538898.7240095,5032,-1.0
1573538913.7541828,5038,-1.0
1573538937.8015106,5051,-1.0
1573538938.506013,5053,-1.0
1573538943.6232438,5054,0.0
1573538943.7630992,5055,-1.0
1573538953.9629443,5061,-1.0
1573538963.9991677,5066,-1.0
1573538987.5353775,5079,-1.0
1573539019.2858505,5095,1.0
1573539031.8122978,5102,-1.0
1573539036.5192435,5107,-1.0
1573539039.869576,5108,-1.0
1573539045.8165958,5114,-1.0
1573539065.0710146,5123,1.0
1573539070.7354183,5126,-1.0
1573539074.2398336,5127,0.0
1573539080.482498,5129,-1.0
1573539089.639963,5135,-1.0
1573539093.1118124,5136,1.0
1573539093.850997,5138,1.0
1573539103.4530778,5143,-1.0
1573539108.3713171,5146,-1.0
1573539134.9927564,5161,0.0
1573539144.4022336,5166,-1.0
1573539160.7065966,5172,-1.0
1573539169.05833,5179,-1.0
1573539178.2188962,5183,-1.0
1573539182.0573068,5186,-1.0
1573539211.7879102,5201,-1.0
1573539226.682873,5209,-1.0
1573539234.370084,5213,-1.0
1573539234.779766,5214,1.0
1573539260.490833,5232,-1.0
1573539266.8540826,5235,-1.0
1573539270.7362473,5236,-1.0
1573539271.5474417,5238,-1.0
1573539277.0642493,5240,-1.0
1573539277.3794959,5241,1.0
1573539285.678133,5245,-1.0
1573539289.1744924,5246,1.0
1573539309.8903186,5257,-1.0
1573539319.4837024,5263,-1.0
1573539329.08448,5267,1.0
1573539366.6206186,5290,-1.0
1573539390.2235775,5303,-1.0
1573539409.7647338,5311,-1.0
1573539425.6439662,5316,-1.0
1573539425.993261,5317,-1.0
1573539432.4875953,5319,-1.0
1573539432.9623756,5320,-1.0
1573539436.5988348,5321,-1.0
1573539449.5558922,5330,-1.0
1573539449.945124,5331,0.0
1573539478.6546438,5346,-1.0
1573539483.9922764,5349,-1.0
1573539514.2408962,5360,-1.0
1573539519.337092,5361,-1.0
1573539523.6580489,5363,1.0
1573539524.2940266,5364,-1.0
1573539546.677182,5374,-1.0
1573539558.0144134,5381,-1.0
1573539563.0868983,5385,-1.0
1573539573.1303747,5389,-1.0
1573539577.5669427,5390,-1.0
